<?xml version="1.0"?>
<MEGACORE title="IP Compiler for PCI Express"  version="12.1"  build="243"  iptb_version="1.3.0 Build 243"  format_version="120" >
<NETLIST_SECTION class="altera.ipbu.flowbase.netlist.model.MVCModel"  active_core="altpcie_hip_pipen1b" >
<STATIC_SECTION>
<PRIVATES>
<NAMESPACE name = "parameterization">
<PRIVATE name = "p_pcie_phy" value="Cyclone IV GX"  type="STRING"  enable="1" />
<PRIVATE name = "p_pcie_port_type" value="Native Endpoint"  type="STRING"  enable="1" />
<PRIVATE name = "p_pcie_tag_supported" value="32"  type="INTEGER"  enable="1" />
<PRIVATE name = "p_pcie_msi_message_requested" value="1"  type="INTEGER"  enable="1" />
<PRIVATE name = "p_pcie_low_priority_virtual_channels" value="0"  type="INTEGER"  enable="1" />
<PRIVATE name = "p_pcie_retry_fifo_depth" value="64"  type="INTEGER"  enable="1" />
<PRIVATE name = "p_pcie_nfts_common_clock" value="255"  type="INTEGER"  enable="1" />
<PRIVATE name = "p_pcie_nfts_separate_clock" value="255"  type="INTEGER"  enable="1" />
<PRIVATE name = "p_pcie_exp_rom_bar_used" value="0"  type="BOOLEAN"  enable="1" />
<PRIVATE name = "p_pcie_link_common_clock" value="1"  type="BOOLEAN"  enable="1" />
<PRIVATE name = "p_pcie_advanced_error_reporting" value="0"  type="BOOLEAN"  enable="1" />
<PRIVATE name = "p_pcie_ecrc_check" value="0"  type="BOOLEAN"  enable="1" />
<PRIVATE name = "p_pcie_ecrc_generation" value="0"  type="BOOLEAN"  enable="1" />
<PRIVATE name = "p_pcie_power_indicator" value="0"  type="BOOLEAN"  enable="1" />
<PRIVATE name = "p_pcie_attention_indicator" value="0"  type="BOOLEAN"  enable="1" />
<PRIVATE name = "p_pcie_attention_button" value="0"  type="BOOLEAN"  enable="1" />
<PRIVATE name = "p_pcie_msi_message_64bits_address_capable" value="1"  type="BOOLEAN"  enable="1" />
<PRIVATE name = "p_pcie_auto_configure_retry_buffer" value="1"  type="BOOLEAN"  enable="1" />
<PRIVATE name = "p_pcie_implement_data_register" value="0"  type="BOOLEAN"  enable="1" />
<PRIVATE name = "p_pcie_device_init_required" value="0"  type="BOOLEAN"  enable="1" />
<PRIVATE name = "p_pcie_enable_L1_aspm" value="0"  type="BOOLEAN"  enable="1" />
<PRIVATE name = "p_pcie_rate_match_fifo" value="1"  type="BOOLEAN"  enable="1" />
<PRIVATE name = "p_pcie_enable_fast_recovery" value="1"  type="BOOLEAN"  enable="1" />
<PRIVATE name = "SOPCSystemName" value="N/A"  type="STRING"  enable="1" />
<PRIVATE name = "actualBAR0AvalonAddress" value="0"  type="STRING"  enable="1" />
<PRIVATE name = "actualBAR0Size" value="0"  type="STRING"  enable="1" />
<PRIVATE name = "actualBAR1AvalonAddress" value="0"  type="STRING"  enable="1" />
<PRIVATE name = "actualBAR1Size" value="0"  type="STRING"  enable="1" />
<PRIVATE name = "actualBAR2AvalonAddress" value="0"  type="STRING"  enable="1" />
<PRIVATE name = "actualBAR2Size" value="0"  type="STRING"  enable="1" />
<PRIVATE name = "actualBAR3AvalonAddress" value="0"  type="STRING"  enable="1" />
<PRIVATE name = "actualBAR3Size" value="0"  type="STRING"  enable="1" />
<PRIVATE name = "actualBAR4AvalonAddress" value="0"  type="STRING"  enable="1" />
<PRIVATE name = "actualBAR4Size" value="0"  type="STRING"  enable="1" />
<PRIVATE name = "actualBAR5AvalonAddress" value="0"  type="STRING"  enable="1" />
<PRIVATE name = "actualBAR5Size" value="0"  type="STRING"  enable="1" />
<PRIVATE name = "allowedDeviceFamilies" value="[Cyclone IV E, Cyclone IV GX, MAX II]"  type="STRING"  enable="1" />
<PRIVATE name = "altgx_generated" value="0"  type="STRING"  enable="1" />
<PRIVATE name = "clockSource" value="N/A"  type="STRING"  enable="1" />
<PRIVATE name = "contextState" value="NativeContext"  type="STRING"  enable="1" />
<PRIVATE name = "deviceFamily" value="Cyclone IV GX"  type="STRING"  enable="1" />
<PRIVATE name = "ordering_code" value="IP-PCIE/4"  type="STRING"  enable="1" />
<PRIVATE name = "p_avalon_hardwired_address_map" value="true"  type="STRING"  enable="1" />
<PRIVATE name = "p_avalon_hw_pci_address_00" value="0x0000000000000000"  type="STRING"  enable="1" />
<PRIVATE name = "p_avalon_hw_pci_address_00_type" value="Memory32Bit"  type="STRING"  enable="1" />
<PRIVATE name = "p_avalon_hw_pci_address_01" value="0x0000000000000000"  type="STRING"  enable="1" />
<PRIVATE name = "p_avalon_hw_pci_address_01_type" value="Memory32Bit"  type="STRING"  enable="1" />
<PRIVATE name = "p_avalon_hw_pci_address_02" value="0x0000000000000000"  type="STRING"  enable="1" />
<PRIVATE name = "p_avalon_hw_pci_address_02_type" value="Memory32Bit"  type="STRING"  enable="1" />
<PRIVATE name = "p_avalon_hw_pci_address_03" value="0x0000000000000000"  type="STRING"  enable="1" />
<PRIVATE name = "p_avalon_hw_pci_address_03_type" value="Memory32Bit"  type="STRING"  enable="1" />
<PRIVATE name = "p_avalon_hw_pci_address_04" value="0x0000000000000000"  type="STRING"  enable="1" />
<PRIVATE name = "p_avalon_hw_pci_address_04_type" value="Memory32Bit"  type="STRING"  enable="1" />
<PRIVATE name = "p_avalon_hw_pci_address_05" value="0x0000000000000000"  type="STRING"  enable="1" />
<PRIVATE name = "p_avalon_hw_pci_address_05_type" value="Memory32Bit"  type="STRING"  enable="1" />
<PRIVATE name = "p_avalon_hw_pci_address_06" value="0x0000000000000000"  type="STRING"  enable="1" />
<PRIVATE name = "p_avalon_hw_pci_address_06_type" value="Memory32Bit"  type="STRING"  enable="1" />
<PRIVATE name = "p_avalon_hw_pci_address_07" value="0x0000000000000000"  type="STRING"  enable="1" />
<PRIVATE name = "p_avalon_hw_pci_address_07_type" value="Memory32Bit"  type="STRING"  enable="1" />
<PRIVATE name = "p_avalon_hw_pci_address_08" value="0x0000000000000000"  type="STRING"  enable="1" />
<PRIVATE name = "p_avalon_hw_pci_address_08_type" value="Memory32Bit"  type="STRING"  enable="1" />
<PRIVATE name = "p_avalon_hw_pci_address_09" value="0x0000000000000000"  type="STRING"  enable="1" />
<PRIVATE name = "p_avalon_hw_pci_address_09_type" value="Memory32Bit"  type="STRING"  enable="1" />
<PRIVATE name = "p_avalon_hw_pci_address_10" value="0x0000000000000000"  type="STRING"  enable="1" />
<PRIVATE name = "p_avalon_hw_pci_address_10_type" value="Memory32Bit"  type="STRING"  enable="1" />
<PRIVATE name = "p_avalon_hw_pci_address_11" value="0x0000000000000000"  type="STRING"  enable="1" />
<PRIVATE name = "p_avalon_hw_pci_address_11_type" value="Memory32Bit"  type="STRING"  enable="1" />
<PRIVATE name = "p_avalon_hw_pci_address_12" value="0x0000000000000000"  type="STRING"  enable="1" />
<PRIVATE name = "p_avalon_hw_pci_address_12_type" value="Memory32Bit"  type="STRING"  enable="1" />
<PRIVATE name = "p_avalon_hw_pci_address_13" value="0x0000000000000000"  type="STRING"  enable="1" />
<PRIVATE name = "p_avalon_hw_pci_address_13_type" value="Memory32Bit"  type="STRING"  enable="1" />
<PRIVATE name = "p_avalon_hw_pci_address_14" value="0x0000000000000000"  type="STRING"  enable="1" />
<PRIVATE name = "p_avalon_hw_pci_address_14_type" value="Memory32Bit"  type="STRING"  enable="1" />
<PRIVATE name = "p_avalon_hw_pci_address_15" value="0x0000000000000000"  type="STRING"  enable="1" />
<PRIVATE name = "p_avalon_hw_pci_address_15_type" value="Memory32Bit"  type="STRING"  enable="1" />
<PRIVATE name = "p_avalon_pane_count" value="1"  type="STRING"  enable="1" />
<PRIVATE name = "p_avalon_pane_size" value="20"  type="STRING"  enable="1" />
<PRIVATE name = "p_enable_pcie_hip_dprio" value="Disable"  type="STRING"  enable="1" />
<PRIVATE name = "p_pci_64bit_bar" value="true"  type="STRING"  enable="1" />
<PRIVATE name = "p_pci_64bit_bus" value="true"  type="STRING"  enable="1" />
<PRIVATE name = "p_pci_66mhz" value="true"  type="STRING"  enable="1" />
<PRIVATE name = "p_pci_allow_param_readback" value="false"  type="STRING"  enable="1" />
<PRIVATE name = "p_pci_altera_arbiter" value="false"  type="STRING"  enable="1" />
<PRIVATE name = "p_pci_arbited_devices" value="2"  type="STRING"  enable="1" />
<PRIVATE name = "p_pci_arbiter" value="false"  type="STRING"  enable="1" />
<PRIVATE name = "p_pci_bar_0_auto_avalon_address" value="false"  type="STRING"  enable="1" />
<PRIVATE name = "p_pci_bar_0_auto_sized" value="false"  type="STRING"  enable="1" />
<PRIVATE name = "p_pci_bar_0_avalon_address" value="0"  type="STRING"  enable="1" />
<PRIVATE name = "p_pci_bar_0_hardwired" value="false"  type="STRING"  enable="1" />
<PRIVATE name = "p_pci_bar_0_pci_address" value="0"  type="STRING"  enable="1" />
<PRIVATE name = "p_pci_bar_0_prefetchable" value="true"  type="STRING"  enable="1" />
<PRIVATE name = "p_pci_bar_1_auto_avalon_address" value="false"  type="STRING"  enable="1" />
<PRIVATE name = "p_pci_bar_1_auto_sized" value="false"  type="STRING"  enable="1" />
<PRIVATE name = "p_pci_bar_1_avalon_address" value="0"  type="STRING"  enable="1" />
<PRIVATE name = "p_pci_bar_1_hardwired" value="false"  type="STRING"  enable="1" />
<PRIVATE name = "p_pci_bar_1_pci_address" value="0"  type="STRING"  enable="1" />
<PRIVATE name = "p_pci_bar_1_prefetchable" value="true"  type="STRING"  enable="1" />
<PRIVATE name = "p_pci_bar_2_auto_avalon_address" value="false"  type="STRING"  enable="1" />
<PRIVATE name = "p_pci_bar_2_auto_sized" value="false"  type="STRING"  enable="1" />
<PRIVATE name = "p_pci_bar_2_avalon_address" value="0"  type="STRING"  enable="1" />
<PRIVATE name = "p_pci_bar_2_hardwired" value="false"  type="STRING"  enable="1" />
<PRIVATE name = "p_pci_bar_2_pci_address" value="0"  type="STRING"  enable="1" />
<PRIVATE name = "p_pci_bar_2_prefetchable" value="true"  type="STRING"  enable="1" />
<PRIVATE name = "p_pci_bar_3_auto_avalon_address" value="false"  type="STRING"  enable="1" />
<PRIVATE name = "p_pci_bar_3_auto_sized" value="false"  type="STRING"  enable="1" />
<PRIVATE name = "p_pci_bar_3_avalon_address" value="0"  type="STRING"  enable="1" />
<PRIVATE name = "p_pci_bar_3_hardwired" value="false"  type="STRING"  enable="1" />
<PRIVATE name = "p_pci_bar_3_pci_address" value="0"  type="STRING"  enable="1" />
<PRIVATE name = "p_pci_bar_3_prefetchable" value="true"  type="STRING"  enable="1" />
<PRIVATE name = "p_pci_bar_4_auto_avalon_address" value="false"  type="STRING"  enable="1" />
<PRIVATE name = "p_pci_bar_4_auto_sized" value="false"  type="STRING"  enable="1" />
<PRIVATE name = "p_pci_bar_4_avalon_address" value="0"  type="STRING"  enable="1" />
<PRIVATE name = "p_pci_bar_4_hardwired" value="false"  type="STRING"  enable="1" />
<PRIVATE name = "p_pci_bar_4_pci_address" value="0"  type="STRING"  enable="1" />
<PRIVATE name = "p_pci_bar_4_prefetchable" value="true"  type="STRING"  enable="1" />
<PRIVATE name = "p_pci_bar_5_auto_avalon_address" value="false"  type="STRING"  enable="1" />
<PRIVATE name = "p_pci_bar_5_auto_sized" value="false"  type="STRING"  enable="1" />
<PRIVATE name = "p_pci_bar_5_avalon_address" value="0"  type="STRING"  enable="1" />
<PRIVATE name = "p_pci_bar_5_hardwired" value="false"  type="STRING"  enable="1" />
<PRIVATE name = "p_pci_bar_5_pci_address" value="0"  type="STRING"  enable="1" />
<PRIVATE name = "p_pci_bar_5_prefetchable" value="true"  type="STRING"  enable="1" />
<PRIVATE name = "p_pci_bus_access_address_width" value="18"  type="STRING"  enable="1" />
<PRIVATE name = "p_pci_global_reset" value="false"  type="STRING"  enable="1" />
<PRIVATE name = "p_pci_host_bridge" value="false"  type="STRING"  enable="1" />
<PRIVATE name = "p_pci_impl_cra_av_slave_port" value="true"  type="STRING"  enable="1" />
<PRIVATE name = "p_pci_master" value="true"  type="STRING"  enable="1" />
<PRIVATE name = "p_pci_master_bursts" value="true"  type="STRING"  enable="1" />
<PRIVATE name = "p_pci_master_concurrent_reads" value="false"  type="STRING"  enable="1" />
<PRIVATE name = "p_pci_master_data_width" value="64"  type="STRING"  enable="1" />
<PRIVATE name = "p_pci_maximum_burst_size" value="128"  type="STRING"  enable="1" />
<PRIVATE name = "p_pci_maximum_burst_size_a2p" value="128"  type="STRING"  enable="1" />
<PRIVATE name = "p_pci_maximum_pending_read_transactions_a2p" value="8"  type="STRING"  enable="1" />
<PRIVATE name = "p_pci_non_pref_av_master_port" value="true"  type="STRING"  enable="1" />
<PRIVATE name = "p_pci_not_target_only_port" value="true"  type="STRING"  enable="1" />
<PRIVATE name = "p_pci_pref_av_master_port" value="true"  type="STRING"  enable="1" />
<PRIVATE name = "p_pci_reqn_gntn_pins" value="true"  type="STRING"  enable="1" />
<PRIVATE name = "p_pci_single_clock" value="false"  type="STRING"  enable="1" />
<PRIVATE name = "p_pci_target_bursts" value="true"  type="STRING"  enable="1" />
<PRIVATE name = "p_pci_target_concurrent_reads" value="false"  type="STRING"  enable="1" />
<PRIVATE name = "p_pci_user_specified_bars" value="false"  type="STRING"  enable="1" />
<PRIVATE name = "p_pcie_L1_exit_latency_common_clock" value="&gt;64 us"  type="STRING"  enable="1" />
<PRIVATE name = "p_pcie_L1_exit_latency_separate_clock" value="&gt;64 us"  type="STRING"  enable="1" />
<PRIVATE name = "p_pcie_advanced_error_int_num" value="0x00000000"  type="STRING"  enable="1" />
<PRIVATE name = "p_pcie_alt2gxb" value="0"  type="BOOLEAN"  enable="1" />
<PRIVATE name = "p_pcie_altgx_keyParameters_used" value="{p_pcie_enable_hip=1, p_pcie_number_of_lanes=x1, p_pcie_phy=Cyclone IV GX, p_pcie_rate=Gen1 (2.5 Gbps), p_pcie_txrx_clock=100 MHz}"  type="STRING"  enable="1" />
<PRIVATE name = "p_pcie_app_signal_interface" value="AvalonST"  type="STRING"  enable="1" />
<PRIVATE name = "p_pcie_avalon_mm_lite" value="0"  type="INTEGER"  enable="1" />
<PRIVATE name = "p_pcie_bar_size_bar_0" value="128 Bytes - 7 bits"  type="STRING"  enable="1" />
<PRIVATE name = "p_pcie_bar_size_bar_1" value="N/A"  type="STRING"  enable="1" />
<PRIVATE name = "p_pcie_bar_size_bar_2" value="N/A"  type="STRING"  enable="1" />
<PRIVATE name = "p_pcie_bar_size_bar_3" value="N/A"  type="STRING"  enable="1" />
<PRIVATE name = "p_pcie_bar_size_bar_4" value="N/A"  type="STRING"  enable="1" />
<PRIVATE name = "p_pcie_bar_size_bar_5" value="N/A"  type="STRING"  enable="1" />
<PRIVATE name = "p_pcie_bar_type_bar_0" value="64-bit Prefetchable Memory"  type="STRING"  enable="1" />
<PRIVATE name = "p_pcie_bar_type_bar_1" value="N/A"  type="STRING"  enable="1" />
<PRIVATE name = "p_pcie_bar_type_bar_2" value="Disable this and all higher BARs"  type="STRING"  enable="1" />
<PRIVATE name = "p_pcie_bar_type_bar_3" value="Disable this and all higher BARs"  type="STRING"  enable="1" />
<PRIVATE name = "p_pcie_bar_type_bar_4" value="Disable this and all higher BARs"  type="STRING"  enable="1" />
<PRIVATE name = "p_pcie_bar_type_bar_5" value="Disable this and all higher BARs"  type="STRING"  enable="1" />
<PRIVATE name = "p_pcie_bar_used_bar_0" value="1"  type="BOOLEAN"  enable="1" />
<PRIVATE name = "p_pcie_bar_used_bar_1" value="1"  type="BOOLEAN"  enable="1" />
<PRIVATE name = "p_pcie_bar_used_bar_2" value="0"  type="BOOLEAN"  enable="1" />
<PRIVATE name = "p_pcie_bar_used_bar_3" value="0"  type="BOOLEAN"  enable="1" />
<PRIVATE name = "p_pcie_bar_used_bar_4" value="0"  type="BOOLEAN"  enable="1" />
<PRIVATE name = "p_pcie_bar_used_bar_5" value="0"  type="BOOLEAN"  enable="1" />
<PRIVATE name = "p_pcie_channel_number" value="0"  type="INTEGER"  enable="1" />
<PRIVATE name = "p_pcie_chk_io" value="0"  type="STRING"  enable="1" />
<PRIVATE name = "p_pcie_class_code" value="0xFF0000"  type="STRING"  enable="1" />
<PRIVATE name = "p_pcie_completion_data_credit_vc0" value="112"  type="INTEGER"  enable="1" />
<PRIVATE name = "p_pcie_completion_data_credit_vc1" value="0"  type="INTEGER"  enable="1" />
<PRIVATE name = "p_pcie_completion_data_credit_vc2" value="0"  type="INTEGER"  enable="1" />
<PRIVATE name = "p_pcie_completion_data_credit_vc3" value="0"  type="INTEGER"  enable="1" />
<PRIVATE name = "p_pcie_completion_data_used_space_vc0" value="1792"  type="INTEGER"  enable="1" />
<PRIVATE name = "p_pcie_completion_data_used_space_vc1" value="0"  type="INTEGER"  enable="1" />
<PRIVATE name = "p_pcie_completion_data_used_space_vc2" value="0"  type="INTEGER"  enable="1" />
<PRIVATE name = "p_pcie_completion_data_used_space_vc3" value="0"  type="INTEGER"  enable="1" />
<PRIVATE name = "p_pcie_completion_header_credit_vc0" value="28"  type="INTEGER"  enable="1" />
<PRIVATE name = "p_pcie_completion_header_credit_vc1" value="0"  type="INTEGER"  enable="1" />
<PRIVATE name = "p_pcie_completion_header_credit_vc2" value="0"  type="INTEGER"  enable="1" />
<PRIVATE name = "p_pcie_completion_header_credit_vc3" value="0"  type="INTEGER"  enable="1" />
<PRIVATE name = "p_pcie_completion_header_used_space_vc0" value="448"  type="INTEGER"  enable="1" />
<PRIVATE name = "p_pcie_completion_header_used_space_vc1" value="0"  type="INTEGER"  enable="1" />
<PRIVATE name = "p_pcie_completion_header_used_space_vc2" value="0"  type="INTEGER"  enable="1" />
<PRIVATE name = "p_pcie_completion_header_used_space_vc3" value="0"  type="INTEGER"  enable="1" />
<PRIVATE name = "p_pcie_completion_timeout" value="NONE"  type="STRING"  enable="1" />
<PRIVATE name = "p_pcie_custom_phy_x8" value="0"  type="STRING"  enable="1" />
<PRIVATE name = "p_pcie_custom_rx_buffer_xml" value="0"  type="STRING"  enable="1" />
<PRIVATE name = "p_pcie_device_id" value="0xEBEB"  type="STRING"  enable="1" />
<PRIVATE name = "p_pcie_disable_L0s" value="false"  type="STRING"  enable="1" />
<PRIVATE name = "p_pcie_dll_active_report_support" value="0"  type="BOOLEAN"  enable="1" />
<PRIVATE name = "p_pcie_eie_b4_nfts_count" value="4"  type="INTEGER"  enable="1" />
<PRIVATE name = "p_pcie_enable_completion_timeout_disable" value="1"  type="BOOLEAN"  enable="1" />
<PRIVATE name = "p_pcie_enable_function_msix_support" value="0"  type="BOOLEAN"  enable="1" />
<PRIVATE name = "p_pcie_enable_hip" value="1"  type="STRING"  enable="1" />
<PRIVATE name = "p_pcie_enable_hip_core_clk" value="0"  type="STRING"  enable="1" />
<PRIVATE name = "p_pcie_enable_pcie_gen2_x8_es" value="0"  type="STRING"  enable="1" />
<PRIVATE name = "p_pcie_enable_pcie_gen2_x8_s5gx" value="0"  type="STRING"  enable="1" />
<PRIVATE name = "p_pcie_enable_root_port_endpoint_mode" value="0"  type="STRING"  enable="1" />
<PRIVATE name = "p_pcie_enable_simple_dma" value="0"  type="STRING"  enable="1" />
<PRIVATE name = "p_pcie_enable_slot_capability" value="0"  type="BOOLEAN"  enable="1" />
<PRIVATE name = "p_pcie_enable_tl_bypass_mode" value="0"  type="STRING"  enable="1" />
<PRIVATE name = "p_pcie_endpoint_L0s_acceptable_latency" value="&lt;64 ns"  type="STRING"  enable="1" />
<PRIVATE name = "p_pcie_endpoint_L1_acceptable_latency" value="&lt;1 us"  type="STRING"  enable="1" />
<PRIVATE name = "p_pcie_exp_rom_bar_size" value="N/A"  type="STRING"  enable="1" />
<PRIVATE name = "p_pcie_gen2_nfts_diff_clock" value="255"  type="INTEGER"  enable="1" />
<PRIVATE name = "p_pcie_gen2_nfts_same_clock" value="255"  type="INTEGER"  enable="1" />
<PRIVATE name = "p_pcie_initiator_performance_preset" value="High"  type="STRING"  enable="1" />
<PRIVATE name = "p_pcie_internal_clock" value="125 MHz"  type="STRING"  enable="1" />
<PRIVATE name = "p_pcie_io_base_and_limit_register" value="IODisable"  type="STRING"  enable="1" />
<PRIVATE name = "p_pcie_lanerev" value="0"  type="STRING"  enable="1" />
<PRIVATE name = "p_pcie_link_port_number" value="0x01"  type="STRING"  enable="1" />
<PRIVATE name = "p_pcie_max_payload_size" value="128 Bytes"  type="STRING"  enable="1" />
<PRIVATE name = "p_pcie_mem_base_and_limit_register" value="MemDisable"  type="STRING"  enable="1" />
<PRIVATE name = "p_pcie_msix_pba_bir" value="0"  type="INTEGER"  enable="1" />
<PRIVATE name = "p_pcie_msix_pba_offset" value="0"  type="INTEGER"  enable="1" />
<PRIVATE name = "p_pcie_msix_table_bir" value="0"  type="INTEGER"  enable="1" />
<PRIVATE name = "p_pcie_msix_table_offset" value="0"  type="INTEGER"  enable="1" />
<PRIVATE name = "p_pcie_msix_table_size" value="0"  type="INTEGER"  enable="1" />
<PRIVATE name = "p_pcie_nonposted_data_credit_vc0" value="0"  type="INTEGER"  enable="1" />
<PRIVATE name = "p_pcie_nonposted_data_credit_vc1" value="0"  type="INTEGER"  enable="1" />
<PRIVATE name = "p_pcie_nonposted_data_credit_vc2" value="0"  type="INTEGER"  enable="1" />
<PRIVATE name = "p_pcie_nonposted_data_credit_vc3" value="0"  type="INTEGER"  enable="1" />
<PRIVATE name = "p_pcie_nonposted_data_used_space_vc0" value="0"  type="INTEGER"  enable="1" />
<PRIVATE name = "p_pcie_nonposted_data_used_space_vc1" value="0"  type="INTEGER"  enable="1" />
<PRIVATE name = "p_pcie_nonposted_data_used_space_vc2" value="0"  type="INTEGER"  enable="1" />
<PRIVATE name = "p_pcie_nonposted_data_used_space_vc3" value="0"  type="INTEGER"  enable="1" />
<PRIVATE name = "p_pcie_nonposted_header_credit_vc0" value="20"  type="INTEGER"  enable="1" />
<PRIVATE name = "p_pcie_nonposted_header_credit_vc1" value="0"  type="INTEGER"  enable="1" />
<PRIVATE name = "p_pcie_nonposted_header_credit_vc2" value="0"  type="INTEGER"  enable="1" />
<PRIVATE name = "p_pcie_nonposted_header_credit_vc3" value="0"  type="INTEGER"  enable="1" />
<PRIVATE name = "p_pcie_nonposted_header_used_space_vc0" value="320"  type="INTEGER"  enable="1" />
<PRIVATE name = "p_pcie_nonposted_header_used_space_vc1" value="0"  type="INTEGER"  enable="1" />
<PRIVATE name = "p_pcie_nonposted_header_used_space_vc2" value="0"  type="INTEGER"  enable="1" />
<PRIVATE name = "p_pcie_nonposted_header_used_space_vc3" value="0"  type="INTEGER"  enable="1" />
<PRIVATE name = "p_pcie_number_of_lanes" value="x1"  type="STRING"  enable="1" />
<PRIVATE name = "p_pcie_phy_interface" value="Serial"  type="STRING"  enable="1" />
<PRIVATE name = "p_pcie_pme_pending" value="0"  type="BOOLEAN"  enable="1" />
<PRIVATE name = "p_pcie_pme_reg_id" value="0x0000"  type="STRING"  enable="1" />
<PRIVATE name = "p_pcie_posted_data_credit_vc0" value="80"  type="INTEGER"  enable="1" />
<PRIVATE name = "p_pcie_posted_data_credit_vc1" value="0"  type="INTEGER"  enable="1" />
<PRIVATE name = "p_pcie_posted_data_credit_vc2" value="0"  type="INTEGER"  enable="1" />
<PRIVATE name = "p_pcie_posted_data_credit_vc3" value="0"  type="INTEGER"  enable="1" />
<PRIVATE name = "p_pcie_posted_data_used_space_vc0" value="1280"  type="INTEGER"  enable="1" />
<PRIVATE name = "p_pcie_posted_data_used_space_vc1" value="0"  type="INTEGER"  enable="1" />
<PRIVATE name = "p_pcie_posted_data_used_space_vc2" value="0"  type="INTEGER"  enable="1" />
<PRIVATE name = "p_pcie_posted_data_used_space_vc3" value="0"  type="INTEGER"  enable="1" />
<PRIVATE name = "p_pcie_posted_header_credit_vc0" value="16"  type="INTEGER"  enable="1" />
<PRIVATE name = "p_pcie_posted_header_credit_vc1" value="0"  type="INTEGER"  enable="1" />
<PRIVATE name = "p_pcie_posted_header_credit_vc2" value="0"  type="INTEGER"  enable="1" />
<PRIVATE name = "p_pcie_posted_header_credit_vc3" value="0"  type="INTEGER"  enable="1" />
<PRIVATE name = "p_pcie_posted_header_used_space_vc0" value="256"  type="INTEGER"  enable="1" />
<PRIVATE name = "p_pcie_posted_header_used_space_vc1" value="0"  type="INTEGER"  enable="1" />
<PRIVATE name = "p_pcie_posted_header_used_space_vc2" value="0"  type="INTEGER"  enable="1" />
<PRIVATE name = "p_pcie_posted_header_used_space_vc3" value="0"  type="INTEGER"  enable="1" />
<PRIVATE name = "p_pcie_rate" value="Gen1 (2.5 Gbps)"  type="STRING"  enable="1" />
<PRIVATE name = "p_pcie_retry_buffer_size" value="16 KBytes"  type="STRING"  enable="1" />
<PRIVATE name = "p_pcie_revision_id" value="0x01"  type="STRING"  enable="1" />
<PRIVATE name = "p_pcie_rx_buffer_preset" value="Default"  type="STRING"  enable="1" />
<PRIVATE name = "p_pcie_rx_buffer_size_string_vc0" value="4 KBytes"  type="STRING"  enable="1" />
<PRIVATE name = "p_pcie_rx_buffer_size_string_vc1" value="0"  type="STRING"  enable="1" />
<PRIVATE name = "p_pcie_rx_buffer_size_string_vc2" value="0"  type="STRING"  enable="1" />
<PRIVATE name = "p_pcie_rx_buffer_size_string_vc3" value="0"  type="STRING"  enable="1" />
<PRIVATE name = "p_pcie_rx_buffer_size_vc0" value="4096"  type="INTEGER"  enable="1" />
<PRIVATE name = "p_pcie_rx_buffer_size_vc1" value="0"  type="INTEGER"  enable="1" />
<PRIVATE name = "p_pcie_rx_buffer_size_vc2" value="0"  type="INTEGER"  enable="1" />
<PRIVATE name = "p_pcie_rx_buffer_size_vc3" value="0"  type="INTEGER"  enable="1" />
<PRIVATE name = "p_pcie_slot_capabilities" value="0x00000000"  type="STRING"  enable="1" />
<PRIVATE name = "p_pcie_special_phy_gl" value="0"  type="STRING"  enable="1" />
<PRIVATE name = "p_pcie_special_phy_px" value="1"  type="STRING"  enable="1" />
<PRIVATE name = "p_pcie_subsystem_device_id" value="0xEBEB"  type="STRING"  enable="1" />
<PRIVATE name = "p_pcie_subsystem_vendor_id" value="0x1172"  type="STRING"  enable="1" />
<PRIVATE name = "p_pcie_surprise_down_error_support" value="0"  type="BOOLEAN"  enable="1" />
<PRIVATE name = "p_pcie_target_performance_preset" value="High"  type="STRING"  enable="1" />
<PRIVATE name = "p_pcie_test_out_width" value="None"  type="STRING"  enable="1" />
<PRIVATE name = "p_pcie_threshold_for_L0s_entry" value="8192 ns"  type="STRING"  enable="1" />
<PRIVATE name = "p_pcie_total_header_credit_vc0" value="64"  type="INTEGER"  enable="1" />
<PRIVATE name = "p_pcie_total_header_credit_vc1" value="0"  type="INTEGER"  enable="1" />
<PRIVATE name = "p_pcie_total_header_credit_vc2" value="0"  type="INTEGER"  enable="1" />
<PRIVATE name = "p_pcie_total_header_credit_vc3" value="0"  type="INTEGER"  enable="1" />
<PRIVATE name = "p_pcie_txrx_clock" value="100 MHz"  type="STRING"  enable="1" />
<PRIVATE name = "p_pcie_underSOPCBuilder" value="false"  type="STRING"  enable="1" />
<PRIVATE name = "p_pcie_use_crc_forwarding" value="0"  type="BOOLEAN"  enable="1" />
<PRIVATE name = "p_pcie_use_parity" value="false"  type="STRING"  enable="1" />
<PRIVATE name = "p_pcie_variation_name" value="pcie_c4_1x_core"  type="STRING"  enable="1" />
<PRIVATE name = "p_pcie_vendor_id" value="0x1172"  type="STRING"  enable="1" />
<PRIVATE name = "p_pcie_version" value="2.0"  type="STRING"  enable="1" />
<PRIVATE name = "p_pcie_virutal_channels" value="1"  type="INTEGER"  enable="1" />
<PRIVATE name = "pref_nonp_independent" value="false"  type="STRING"  enable="1" />
<PRIVATE name = "translationTableSizeInfo" value="The bridge reserves a contiguous Avalon address range to access
PCIe devices. This Avalon address range is segmented into one or
more equal-sized pages that are individually mapped to PCIe
addresses. Select the number and size of the address pages."  type="STRING"  enable="1" />
<PRIVATE name = "uiAvalonHWAddress0" value="0x00000000"  type="STRING"  enable="1" />
<PRIVATE name = "uiAvalonHWAddress1" value="0x00000000"  type="STRING"  enable="1" />
<PRIVATE name = "uiAvalonHWAddress10" value="0x00000000"  type="STRING"  enable="1" />
<PRIVATE name = "uiAvalonHWAddress11" value="0x00000000"  type="STRING"  enable="1" />
<PRIVATE name = "uiAvalonHWAddress12" value="0x00000000"  type="STRING"  enable="1" />
<PRIVATE name = "uiAvalonHWAddress13" value="0x00000000"  type="STRING"  enable="1" />
<PRIVATE name = "uiAvalonHWAddress14" value="0x00000000"  type="STRING"  enable="1" />
<PRIVATE name = "uiAvalonHWAddress15" value="0x00000000"  type="STRING"  enable="1" />
<PRIVATE name = "uiAvalonHWAddress2" value="0x00000000"  type="STRING"  enable="1" />
<PRIVATE name = "uiAvalonHWAddress3" value="0x00000000"  type="STRING"  enable="1" />
<PRIVATE name = "uiAvalonHWAddress4" value="0x00000000"  type="STRING"  enable="1" />
<PRIVATE name = "uiAvalonHWAddress5" value="0x00000000"  type="STRING"  enable="1" />
<PRIVATE name = "uiAvalonHWAddress6" value="0x00000000"  type="STRING"  enable="1" />
<PRIVATE name = "uiAvalonHWAddress7" value="0x00000000"  type="STRING"  enable="1" />
<PRIVATE name = "uiAvalonHWAddress8" value="0x00000000"  type="STRING"  enable="1" />
<PRIVATE name = "uiAvalonHWAddress9" value="0x00000000"  type="STRING"  enable="1" />
<PRIVATE name = "uiAvalonHWPCIAddress0" value="0x00000000"  type="STRING"  enable="1" />
<PRIVATE name = "uiAvalonHWPCIAddress1" value="0x00000000"  type="STRING"  enable="1" />
<PRIVATE name = "uiAvalonHWPCIAddress10" value="0x00000000"  type="STRING"  enable="1" />
<PRIVATE name = "uiAvalonHWPCIAddress11" value="0x00000000"  type="STRING"  enable="1" />
<PRIVATE name = "uiAvalonHWPCIAddress12" value="0x00000000"  type="STRING"  enable="1" />
<PRIVATE name = "uiAvalonHWPCIAddress13" value="0x00000000"  type="STRING"  enable="1" />
<PRIVATE name = "uiAvalonHWPCIAddress14" value="0x00000000"  type="STRING"  enable="1" />
<PRIVATE name = "uiAvalonHWPCIAddress15" value="0x00000000"  type="STRING"  enable="1" />
<PRIVATE name = "uiAvalonHWPCIAddress2" value="0x00000000"  type="STRING"  enable="1" />
<PRIVATE name = "uiAvalonHWPCIAddress3" value="0x00000000"  type="STRING"  enable="1" />
<PRIVATE name = "uiAvalonHWPCIAddress4" value="0x00000000"  type="STRING"  enable="1" />
<PRIVATE name = "uiAvalonHWPCIAddress5" value="0x00000000"  type="STRING"  enable="1" />
<PRIVATE name = "uiAvalonHWPCIAddress6" value="0x00000000"  type="STRING"  enable="1" />
<PRIVATE name = "uiAvalonHWPCIAddress7" value="0x00000000"  type="STRING"  enable="1" />
<PRIVATE name = "uiAvalonHWPCIAddress8" value="0x00000000"  type="STRING"  enable="1" />
<PRIVATE name = "uiAvalonHWPCIAddress9" value="0x00000000"  type="STRING"  enable="1" />
<PRIVATE name = "uiAvalonTranslationTable" value="false"  type="STRING"  enable="1" />
<PRIVATE name = "uiBar0PCIAddress" value="0x0000000000000000"  type="STRING"  enable="1" />
<PRIVATE name = "uiBar0Prefetchable" value="true"  type="STRING"  enable="1" />
<PRIVATE name = "uiBar1PCIAddress" value="0x00000000"  type="STRING"  enable="1" />
<PRIVATE name = "uiBar1Prefetchable" value="true"  type="STRING"  enable="1" />
<PRIVATE name = "uiBar2PCIAddress" value="0x00000000"  type="STRING"  enable="1" />
<PRIVATE name = "uiBar2Prefetchable" value="true"  type="STRING"  enable="1" />
<PRIVATE name = "uiBar3PCIAddress" value="0x00000000"  type="STRING"  enable="1" />
<PRIVATE name = "uiBar3Prefetchable" value="true"  type="STRING"  enable="1" />
<PRIVATE name = "uiBar4PCIAddress" value="0x00000000"  type="STRING"  enable="1" />
<PRIVATE name = "uiBar4Prefetchable" value="true"  type="STRING"  enable="1" />
<PRIVATE name = "uiBar5PCIAddress" value="0x00000000"  type="STRING"  enable="1" />
<PRIVATE name = "uiBar5Prefetchable" value="true"  type="STRING"  enable="1" />
<PRIVATE name = "uiCRAInfoPanel" value="other"  type="STRING"  enable="1" />
<PRIVATE name = "uiExpROMType" value="Select to Enable"  type="STRING"  enable="1" />
<PRIVATE name = "uiFixedTable" value="true"  type="STRING"  enable="1" />
<PRIVATE name = "uiPCIBar0Type" value="64-bit Prefetchable Memory"  type="STRING"  enable="1" />
<PRIVATE name = "uiPCIBar1Type" value="N/A"  type="STRING"  enable="1" />
<PRIVATE name = "uiPCIBar2Type" value="Disable this and all higher BARs"  type="STRING"  enable="1" />
<PRIVATE name = "uiPCIBar3Type" value="Disable this and all higher BARs"  type="STRING"  enable="1" />
<PRIVATE name = "uiPCIBar4Type" value="Disable this and all higher BARs"  type="STRING"  enable="1" />
<PRIVATE name = "uiPCIBar5Type" value="Disable this and all higher BARs"  type="STRING"  enable="1" />
<PRIVATE name = "uiPCIBarTable" value="false"  type="STRING"  enable="1" />
<PRIVATE name = "uiPCIBusArbiter" value="external"  type="STRING"  enable="1" />
<PRIVATE name = "uiPCIDeviceMode" value="masterTarget"  type="STRING"  enable="1" />
<PRIVATE name = "uiPCIMasterPerformance" value="burstSinglePending"  type="STRING"  enable="1" />
<PRIVATE name = "uiPCITargetPerformance" value="burstSinglePending"  type="STRING"  enable="1" />
<PRIVATE name = "uiPaneCount" value="1"  type="STRING"  enable="1" />
<PRIVATE name = "uiPaneSize" value="20"  type="STRING"  enable="1" />
<PRIVATE name = "ui_pcie_msix_pba_bir" value="1:0"  type="STRING"  enable="1" />
<PRIVATE name = "ui_pcie_msix_table_bir" value="1:0"  type="STRING"  enable="1" />
<PRIVATE name = "p_tx_cdc_full_value" value="12"  type="INTEGER"  enable="1" />
</NAMESPACE>
<NAMESPACE name = "simgen_enable">
<PRIVATE name = "language" value="VERILOG"  type="STRING"  enable="1" />
<PRIVATE name = "enabled" value="0"  type="STRING"  enable="1" />
</NAMESPACE>
<NAMESPACE name = "greybox">
<PRIVATE name = "gb_enabled" value="0"  type="STRING"  enable="1" />
<PRIVATE name = "filename" value="pcie_c4_1x_syn.v"  type="STRING"  enable="1" />
</NAMESPACE>
<NAMESPACE name = "testbench">
<PRIVATE name = "plugin_worker" value="1"  type="STRING"  enable="1" />
</NAMESPACE>
<NAMESPACE name = "simgen">
<PRIVATE name = "filename" value="pcie_c4_1x_core.v"  type="STRING"  enable="1" />
</NAMESPACE>
<NAMESPACE name = "serializer"/>
</PRIVATES>
<FILES/>
<PORTS/>
<LIBRARIES/>
</STATIC_SECTION>
</NETLIST_SECTION>
</MEGACORE>
